Gender,Name
['man'],"James, Michael, Robert, John, David, William, Richard, Joseph"
['man'],"Thomas, Christopher, Charles, Daniel, Matthew, Anthony, Mark, Donald"
['man'],"Steven, Andrew, Paul, Joshua, Kenneth, Kevin, Brian, Timothy"
['man'],"Ronald, George, Jason, Edward, Jeffrey, Ryan, Jacob, Nicholas"
['man'],"Gary, Eric, Jonathan, Stephen, Larry, Justin, Scott, Brandon"
['man'],"Benjamin, Samuel, Gregory, Alexander, Patrick, Frank, Raymond, Jack"
['man'],"Dennis, Jerry, Tyler, Aaron, Jose, Adam, Nathan, Henry"
['man'],"Zachary, Douglas, Peter, Kyle, Noah, Ethan, Jeremy, Christian"
['man'],"Walter, Keith, Austin, Roger, Terry, Sean, Gerald, Carl"
['man'],"Dylan, Harold, Jordan, Jesse, Bryan, Lawrence, Arthur, Gabriel"
['man'],"Bruce, Logan, Billy, Joe, Alan, Juan, Elijah, Willie"
['man'],"Albert, Wayne, Randy, Mason, Vincent, Liam, Roy, Bobby"
['man'],"Caleb, Bradley, Russell, Lucas"
['woman'],"Mary, Patricia, Jennifer, Linda, Elizabeth, Barbara, Susan, Jessica"
['woman'],"Karen, Sarah, Lisa, Nancy, Sandra, Betty, Ashley, Emily"
['woman'],"Kimberly, Margaret, Donna, Michelle, Carol, Amanda, Melissa, Deborah"
['woman'],"Stephanie, Rebecca, Sharon, Laura, Cynthia, Dorothy, Amy, Kathleen"
['woman'],"Angela, Shirley, Emma, Brenda, Pamela, Nicole, Anna, Samantha"
['woman'],"Katherine, Christine, Debra, Rachel, Carolyn, Janet, Maria, Olivia"
['woman'],"Heather, Helen, Catherine, Diane, Julie, Victoria, Joyce, Lauren"
['woman'],"Kelly, Christina, Ruth, Joan, Virginia, Judith, Evelyn, Hannah"
['woman'],"Andrea, Megan, Cheryl, Jacqueline, Madison, Teresa, Abigail, Sophia"
['woman'],"Martha, Sara, Gloria, Janice, Kathryn, Ann, Isabella, Judy"
['woman'],"Charlotte, Julia, Grace, Amber, Alice, Jean, Denise, Frances"
['woman'],"Danielle, Marilyn, Natalie, Beverly, Diana, Brittany, Theresa, Kayla"
['woman'],"Alexis, Doris, Lori, Tiffany"
